{
  "layer_1": [
    [
      0.056140473259118306,
      0.7311467905564029,
      0.04417511773035554,
      0.6042092445163674,
      0.8481752210163649
    ],
    [
      0.41694680763843084,
      0.6608335308008697,
      0.8406413141224806,
      0.43838121737578883,
      0.544707588398971
    ],
    [
      0.3378750767100066,
      0.9902797088422872,
      0.5839820948877528,
      0.6848885596160011,
      0.43994216155400445
    ],
    [
      0.2974758456377272,
      0.6307597686153738,
      0.47535242468923633,
      0.39576909589338904,
      0.45325706676065947
    ],
    [
      0.7161515350658691,
      0.8130797121282137,
      0.24655935645120308,
      0.7979129979346427,
      0.6818884711452916
    ],
    [
      0.7810232759950416,
      0.016479125738058542,
      0.06953417086985236,
      0.7106120042054146,
      0.7982791544774894
    ],
    [
      0.5548463110211848,
      0.20999873453702578,
      0.9465924642829914,
      0.3946180831931778,
      0.018148015321912236
    ],
    [
      0.553820131561896,
      0.7408713450790779,
      0.7514463850826998,
      0.6870394519846622,
      0.9861671566710368
    ],
    [
      0.41149792300146415,
      0.6995578320582015,
      0.7820960786200004,
      0.0880932781713949,
      0.09882610367909472
    ],
    [
      0.7359318129518332,
      0.3752909945516474,
      0.2687901165267944,
      0.765638651892062,
      0.7060668519246476
    ]
  ],
  "layer_2": [
    [
      0.9008886981166111,
      0.52499697199417
    ],
    [
      0.06926548218531559,
      0.8360720399766702
    ],
    [
      0.766852778139211,
      0.2730732656077539
    ],
    [
      0.2039694620282122,
      0.06267981834645864
    ],
    [
      0.6470950134424112,
      0.8021241242977979
    ]
  ],
  "demo": true
}